filename,class0,class1,class2,class3,mean,mean,mean
BraTS2021_00006,0.0022679872,0.0013514872,0.0010638001,0.0022679856,0.001737815
BraTS2021_00014,0.003174928,0.0008768909,0.0009816937,0.0031749273,0.00205211
BraTS2021_00028,0.0030464407,0.0010542773,0.0007793976,0.0030464402,0.001981639
BraTS2021_00054,0.0046680765,0.005796022,0.0035267677,0.004668075,0.0046647354
BraTS2021_00061,0.004684755,0.0011995411,0.00044329584,0.004684755,0.0027530869
BraTS2021_00077,0.0045381873,0.0010366486,0.00089937734,0.0045380676,0.00275307
BraTS2021_00084,0.0037053167,0.0015154168,0.0013268332,0.0037053162,0.0025632207
BraTS2021_00089,0.0024664272,0.00046648746,0.00047396738,0.0024664272,0.0014683272
BraTS2021_00095,0.0032164806,0.0014606112,0.0010587472,0.003216481,0.00223808
BraTS2021_00098,0.008419227,0.009000616,0.008758689,0.008419226,0.00864944
BraTS2021_00102,0.002199463,0.00040087564,0.0005014024,0.0021994638,0.0013253012
BraTS2021_00108,0.0042876713,0.0004848674,0.0006073025,0.0042876704,0.002416878
BraTS2021_00112,0.0036556348,0.002868213,0.003639145,0.0036556341,0.0034546566
BraTS2021_00115,0.0013898333,0.0009129478,0.00072092214,0.001389833,0.0011033841
BraTS2021_00117,0.003922233,0.0011648734,0.0022787454,0.003922233,0.002822021
BraTS2021_00121,0.0026961833,0.000525516,0.0004882232,0.0026961823,0.0016015263
BraTS2021_00123,0.0050987657,0.0012982069,0.0010754244,0.0050987643,0.0031427904
BraTS2021_00124,0.01145092,0.054719765,0.002698166,0.011450909,0.02007994
BraTS2021_00154,0.0033600414,0.0021288078,0.0023899386,0.003360041,0.002809707
BraTS2021_00166,0.0030564805,0.001135613,0.001054352,0.00305646,0.0020757264
BraTS2021_00177,0.0014468185,0.0008763196,0.0006663977,0.0014468185,0.0011090885
BraTS2021_00201,0.0015314964,0.0013801126,0.0011583462,0.0015314964,0.0014003629
BraTS2021_00217,0.0019006348,0.000257335,0.00029452745,0.0019006353,0.0010882831
BraTS2021_00219,0.0006129907,0.00015524845,0.000202632,0.00061299076,0.00039596547
BraTS2021_00230,0.0021514776,0.0015176395,0.0010457765,0.0021514767,0.0017165926
BraTS2021_00236,0.0017496498,0.0010542069,0.0010224566,0.0017496546,0.001393992
BraTS2021_00247,0.0026556486,0.0014809341,0.0015657546,0.002655648,0.0020894962
BraTS2021_00261,0.0016230077,0.0004800904,0.00039596308,0.0016230078,0.0010305173
BraTS2021_00266,0.0022116257,0.0012750974,0.0009995099,0.0022116252,0.0016744646
BraTS2021_00269,0.0012409472,0.00061951956,0.00055301754,0.0012409475,0.00091360795
BraTS2021_00270,0.005442424,0.0003627051,0.00041983297,0.0054424293,0.0029168478
BraTS2021_00271,0.0024961454,0.0008757509,0.001274531,0.0024961464,0.0017856434
BraTS2021_00273,0.0017281348,0.0010835445,0.0008097951,0.0017281338,0.001337402
BraTS2021_00284,0.0026271318,0.00033654962,0.00047012942,0.0026271297,0.0015152352
BraTS2021_00294,0.0011217367,0.00036409075,0.0003564218,0.0011217376,0.00074099674
BraTS2021_00297,0.004150285,0.0026628326,0.0027754775,0.0041502854,0.00343472
BraTS2021_00317,0.0012744779,0.00044338734,0.00042843047,0.0012744764,0.000855193
BraTS2021_00320,0.0039907736,0.00056782283,0.0004590554,0.0039907717,0.0022521059
BraTS2021_00331,0.004560311,0.00018006236,0.0027271362,0.004560311,0.0030069551
BraTS2021_00347,0.0013969204,0.0006605879,0.0005448785,0.0013969202,0.0009998267
BraTS2021_00359,0.0010031294,0.0004269695,0.00031483237,0.0010031293,0.0006870151
BraTS2021_00378,0.0012527466,0.000279634,0.00032805224,0.0012527466,0.00077829487
BraTS2021_00392,0.0011150519,0.0010545736,0.00077641784,0.0011150502,0.0010152734
BraTS2021_00403,0.00070792745,0.00031805484,0.00030874394,0.00070792687,0.00051066326
BraTS2021_00410,0.003748481,0.00025692934,0.00025880607,0.003748481,0.0020031743
BraTS2021_00414,0.001993198,0.0023123955,0.002112918,0.0019931977,0.0021029273
BraTS2021_00426,0.0022040943,0.0008102355,0.00069242343,0.0022040934,0.0014777116
BraTS2021_00445,0.0019565488,0.0007386411,0.00085858087,0.0019565488,0.0013775799
BraTS2021_00451,0.0016482695,0.002061323,0.0016402645,0.0016482689,0.0017495314
BraTS2021_00453,0.0009328209,0.0012682086,0.0010271583,0.00093282055,0.0010402522
BraTS2021_00455,0.0013784762,0.00052148657,0.0005013258,0.0013784758,0.0009449411
BraTS2021_00457,0.0017609146,0.0012267027,0.00070893584,0.0017609146,0.0013643668
BraTS2021_00472,0.0029591923,0.0007292107,0.0006143342,0.0029591913,0.0018154822
BraTS2021_00488,0.0028283703,0.0014723261,0.0008490322,0.00282837,0.0019945246
BraTS2021_00493,0.04158286,0.0005342244,0.0005009105,0.04158276,0.021050189
BraTS2021_00501,0.0149220675,0.0008723333,0.0008585468,0.014922065,0.007893753
BraTS2021_00517,0.003601903,0.0004175576,0.00044201233,0.0036019033,0.002015844
BraTS2021_00524,0.0022474362,0.0011244472,0.00067585014,0.0022474362,0.0015737924
BraTS2021_00526,0.0047858004,0.0028655955,0.00077441,0.0047857994,0.0033029013
BraTS2021_00547,0.0011726313,0.0005995544,0.0002719895,0.0011726315,0.0008042017
BraTS2021_00554,0.0030818875,0.00077506964,0.00056974636,0.0030818868,0.0018771477
BraTS2021_00559,0.030723052,0.0020291368,0.0014035731,0.03072235,0.016219528
BraTS2021_00570,0.003098547,0.001225178,0.0011028126,0.0030985447,0.0021312707
BraTS2021_00584,0.003391847,0.00023716195,0.0003106277,0.0033918468,0.0018328708
BraTS2021_00599,0.002268367,0.00095739955,0.0007526765,0.0022683654,0.0015617022
BraTS2021_00626,0.0006186376,0.00026233733,0.00030631816,0.0006186385,0.0004514829
BraTS2021_00628,0.0018190697,0.00045501837,0.0004229575,0.00181907,0.0011290289
BraTS2021_00638,0.014068109,0.00032674483,0.00036157735,0.014068106,0.0072061345
BraTS2021_00640,0.005832886,0.001539155,0.0010637731,0.005832885,0.0035671745
BraTS2021_00641,0.0017835352,0.00050171936,0.00037985874,0.0017835359,0.0011121624
BraTS2021_00642,0.0026323344,0.0002441357,0.00024028063,0.0026323348,0.0014372714
BraTS2021_00656,0.005488518,0.0007806869,0.0033187936,0.0054885102,0.0037691272
BraTS2021_00680,0.002217909,0.0005529839,0.0005286332,0.002217909,0.0013793588
BraTS2021_00687,0.0017453708,0.00079158065,0.0007032888,0.001745371,0.0012464029
BraTS2021_00723,0.0028609459,0.001145668,0.0008239483,0.0028609454,0.001922877
BraTS2021_00724,0.0021791672,0.00090603763,0.0007160004,0.0021791675,0.0014950931
BraTS2021_00727,0.002171605,0.0011332665,0.0011420805,0.0021716047,0.0016546391
BraTS2021_00729,0.001137803,0.00019588684,0.00022061361,0.0011378049,0.00067302707
BraTS2021_00732,0.0006028147,0.0002242099,0.00026680873,0.00060281466,0.00042416202
BraTS2021_00742,0.0062426,0.0015477528,0.0012153032,0.006242599,0.0038120635
BraTS2021_00753,0.001874487,0.00055053644,0.0006191879,0.0018744868,0.0012296746
BraTS2021_00756,0.004407365,0.0016980637,0.0010852234,0.004407348,0.0028995
BraTS2021_00765,0.0040589236,0.0015521336,0.0019943835,0.0040589236,0.0029160911
BraTS2021_00788,0.0012980202,0.00020287884,0.00023534194,0.0012980202,0.0007585653
BraTS2021_00795,0.0025181472,0.0035475655,0.0033972133,0.002519114,0.0029955101
BraTS2021_00799,0.0023367733,0.0016279757,0.0010532747,0.0023367738,0.0018386994
BraTS2021_00802,0.0018588522,0.00018149943,0.00020559908,0.0018588522,0.0010262007
BraTS2021_00809,0.0013869487,0.00089469086,0.00073457276,0.0013869491,0.0011007905
BraTS2021_00816,0.0014294364,0.00076345267,0.00063868065,0.0014294371,0.0010652518
BraTS2021_00840,0.0031189155,0.0003156267,0.008176047,0.003118915,0.0036823764
BraTS2021_00999,0.010202591,0.002413916,0.0058815647,0.010202581,0.0071751634
BraTS2021_01001,0.000639574,0.00075747934,0.00029995543,0.0006395747,0.0005841459
BraTS2021_01005,0.0026886428,0.0012229518,0.00093801826,0.0026886421,0.0018845638
BraTS2021_01007,0.0015747092,0.0008575301,0.0007518686,0.0015747094,0.0011897043
BraTS2021_01008,0.002373017,0.00022073124,0.0002595178,0.0023730162,0.0013065706
BraTS2021_01016,0.0015752797,0.0014864802,0.0009413776,0.0015752796,0.0013946042
BraTS2021_01019,0.0020038292,0.0008806623,0.0010459346,0.0020038297,0.001483564
BraTS2021_01020,0.0013148142,0.0006718198,0.0006403472,0.0013148147,0.000985449
BraTS2021_01026,0.003703341,0.0016731432,0.0009920744,0.003702691,0.0025178124
BraTS2021_01028,0.0035040725,0.0009923559,0.00084984215,0.0035040725,0.0022125856
BraTS2021_01052,0.0022407342,0.0005502184,0.00044498284,0.0022407342,0.0013691674
BraTS2021_01057,0.0018504963,0.00050014764,0.0004131537,0.0018504958,0.0011535734
BraTS2021_01059,0.0055217813,0.0007915458,0.00092048873,0.0055217673,0.003188896
BraTS2021_01064,0.0068100668,0.0005739195,0.00074171677,0.006810065,0.0037339418
BraTS2021_01077,0.0004440783,0.00011694667,0.00016821912,0.00044407786,0.0002933305
BraTS2021_01078,0.0031165006,0.00067862973,0.00052907673,0.0031164996,0.0018601767
BraTS2021_01080,0.0018994644,0.0006062635,0.00060578395,0.0018994642,0.001252744
BraTS2021_01088,0.00067476655,0.00021104605,0.0002531079,0.00067476544,0.00045342147
BraTS2021_01091,0.0013645601,0.00014814266,0.00019180293,0.0013645592,0.00076726626
BraTS2021_01107,0.0020251032,0.0010588565,0.0010731685,0.002025104,0.001545558
BraTS2021_01115,0.002088741,0.001165786,0.0010009725,0.002088741,0.00158606
BraTS2021_01126,0.0010465716,0.00069195445,0.00072176766,0.0010465716,0.0008767164
BraTS2021_01129,0.0010058058,0.0003906252,0.0003497628,0.0010058058,0.0006879999
BraTS2021_01130,0.0012837286,0.00082131196,0.00035623673,0.0012837286,0.0009362515
BraTS2021_01131,0.00080502825,0.00025458037,0.0002698035,0.000805028,0.00053361006
BraTS2021_01142,0.003875022,0.0046816873,0.0027794281,0.0038750211,0.0038027896
BraTS2021_01153,0.0034818233,0.0015369207,0.0010383993,0.0034818235,0.0023847418
BraTS2021_01154,0.004240247,0.0003396397,0.00039114038,0.0042402437,0.0023028178
BraTS2021_01170,0.0047826194,0.0015419129,0.0027301793,0.004782619,0.0034593327
BraTS2021_01176,0.0014513825,0.00020374144,0.0023260305,0.0014513822,0.0013581342
BraTS2021_01182,0.017558824,0.00056362513,0.0006579495,0.017558359,0.009084689
BraTS2021_01203,0.0036905059,0.0006872744,0.0006908922,0.003690505,0.0021897946
BraTS2021_01206,0.005021095,0.0028530855,0.0020063194,0.0050210934,0.0037253983
BraTS2021_01212,0.0031852587,0.0005372013,0.0004843214,0.003185258,0.0018480099
BraTS2021_01222,0.0042693894,0.00058352563,0.00050008146,0.004269388,0.0024055962
BraTS2021_01225,0.0068234447,0.000701814,0.00072179764,0.0068234433,0.003767625
BraTS2021_01255,0.0012597446,0.00017211976,0.00022515267,0.0012597443,0.00072919036
BraTS2021_01256,0.0022308268,0.0015764305,0.001344543,0.0022308254,0.0018456564
BraTS2021_01258,0.0020484277,0.0009046525,0.00084878725,0.0020484263,0.0014625734
BraTS2021_01262,0.04009853,0.0015451475,0.0013319607,0.040098254,0.020768471
BraTS2021_01263,0.0025049387,0.0019130488,0.0020790969,0.0025049378,0.0022505056
BraTS2021_01286,0.0031107555,0.0007127013,0.0005178273,0.003110753,0.0018630093
BraTS2021_01293,0.04822496,0.0046772882,0.045889355,0.048223868,0.036753867
BraTS2021_01295,0.0015996166,0.0007044495,0.0005494079,0.001599616,0.0011132725
BraTS2021_01301,0.0004440654,0.0001406575,0.00018805201,0.00044406517,0.00030421003
BraTS2021_01302,0.005196931,0.003785377,0.0038102486,0.005196929,0.0044973716
BraTS2021_01303,0.0022710399,0.0008914505,0.0007433363,0.002271039,0.0015442164
BraTS2021_01306,0.001359769,0.0005200506,0.0005337643,0.0013597682,0.00094333803
BraTS2021_01307,0.0015619075,0.00058961444,0.00053365185,0.0015619083,0.0010617705
BraTS2021_01317,0.0012439986,0.0011462582,0.0011324976,0.0012439981,0.0011916881
BraTS2021_01326,0.003157417,0.0005290511,0.0005044602,0.003157417,0.0018370864
BraTS2021_01329,0.00075459236,0.0006986037,0.00054903456,0.0007545924,0.0006892058
BraTS2021_01333,0.002308801,0.00012254949,0.00016157237,0.0023088085,0.0012254328
BraTS2021_01335,0.0014649933,0.00043893623,0.0004987186,0.0014649933,0.0009669104
BraTS2021_01336,0.0009480333,0.00045595452,0.00040275688,0.00094803266,0.00068869436
BraTS2021_01340,0.00093204033,0.00018016485,0.00021731664,0.0009320362,0.0005653895
BraTS2021_01345,0.0029817543,0.0004994615,0.0003949353,0.0029817538,0.0017144762
BraTS2021_01346,0.0013554005,0.0006442831,0.00045424805,0.0013554005,0.00095233304
BraTS2021_01353,0.0013103926,0.00053466787,0.0005736044,0.0013097863,0.0009321128
BraTS2021_01354,0.0021949569,0.0002587218,0.000249971,0.0021949564,0.0012246515
BraTS2021_01356,0.0024755998,0.0010841511,0.00085982116,0.002475599,0.0017237929
BraTS2021_01357,0.0012769715,0.0004146938,0.0003599422,0.0012769587,0.00083214155
BraTS2021_01360,0.00588012,0.0026210747,0.002528877,0.0058763404,0.004226603
BraTS2021_01364,0.02548881,0.00013791892,0.00015821707,0.025487319,0.012818066
BraTS2021_01365,0.008103077,0.0006547157,0.0006226189,0.008102467,0.00437072
BraTS2021_01373,0.0029656459,0.0004535602,0.00041144594,0.002965418,0.0016990175
BraTS2021_01388,0.0015618928,0.00065279455,0.00049881486,0.0015618897,0.001068848
BraTS2021_01390,0.001027406,0.0004742865,0.0004132271,0.0010274055,0.00073558127
BraTS2021_01398,0.0006182747,0.00022253509,0.00026229734,0.00061827444,0.0004303454
BraTS2021_01406,0.003531831,0.0010938552,0.0010176152,0.003531815,0.002293779
BraTS2021_01410,0.0013312197,0.0005937188,0.00050042017,0.001331219,0.0009391444
BraTS2021_01415,0.0043154038,0.002435588,0.0024968768,0.004315402,0.0033908174
BraTS2021_01416,0.007592438,0.0029888696,0.0072298353,0.007592436,0.0063508945
BraTS2021_01417,0.003596221,0.001517065,0.0011527974,0.0035962197,0.002465576
BraTS2021_01432,0.0067958985,0.0018885409,0.017133234,0.0067958967,0.008153393
BraTS2021_01444,0.0051153065,0.0014582848,0.0013858315,0.0051153046,0.003268682
BraTS2021_01450,0.00579118,0.0005623243,0.00061218813,0.005791175,0.0031892168
BraTS2021_01460,0.0033680713,0.0055723307,0.0036163602,0.0033680694,0.003981208
BraTS2021_01464,0.0016381411,0.00038526783,0.001090986,0.0016381401,0.0011881337
BraTS2021_01468,0.0021376214,0.0019726406,0.0013612678,0.002137621,0.0019022876
BraTS2021_01470,0.0024952998,0.00053045363,0.0005011501,0.0024952989,0.0015055506
BraTS2021_01475,0.0036520225,0.0029144466,0.00254139,0.0036520213,0.00318997
BraTS2021_01480,0.007115385,9.639301e-05,0.010220972,0.007114723,0.006136868
BraTS2021_01489,0.009090786,0.0010209925,0.013832822,0.009090786,0.008258847
BraTS2021_01490,0.048258703,0.0016186534,0.057549004,0.048255917,0.03892057
BraTS2021_01512,0.005682462,0.00033321665,0.0054051653,0.00568246,0.004275826
BraTS2021_01530,0.0036403786,0.00020700556,0.009920835,0.0036401132,0.004352083
BraTS2021_01532,0.004007046,0.0029477514,0.01119888,0.0040070456,0.005540181
BraTS2021_01541,0.0041739997,0.0026221294,0.001988067,0.004173997,0.0032395483
BraTS2021_01545,0.0013549142,0.0004439449,0.00042530132,0.001354919,0.00089476985
BraTS2021_01547,0.00299068,0.0014351731,0.0011736908,0.0029906821,0.0021475565
BraTS2021_01548,0.0014061492,0.00019610232,0.00016421574,0.0014061492,0.0007931541
BraTS2021_01557,0.0005765413,0.00025336843,0.00023898562,0.0005765617,0.00041136425
BraTS2021_01568,0.002244368,0.00040140087,0.00043237137,0.0022443687,0.0013306272
BraTS2021_01585,0.0012998524,0.0006166462,0.0005233158,0.0012998524,0.00093491666
BraTS2021_01612,0.0016351168,0.0011925758,0.00063174794,0.001635116,0.0012736392
BraTS2021_01626,0.001088834,0.00031102312,0.0003369861,0.0010888344,0.0007064194
BraTS2021_01627,0.0017109815,0.0012126346,0.0008786071,0.0017109811,0.0013783011
BraTS2021_01635,0.0012764777,0.0038073512,0.0021135912,0.0012764775,0.0021184743
BraTS2021_01636,0.005835514,0.0013003086,0.0014897765,0.0058355136,0.003615278
BraTS2021_01640,0.0012399447,0.00013703459,0.00017571787,0.0012399447,0.0006981605
BraTS2021_01642,0.0015141148,0.0009023284,0.00084767566,0.0015141151,0.0011945585
BraTS2021_01643,0.0007055474,0.00090500485,0.0006409778,0.00070554693,0.00073926925
BraTS2021_01644,0.0018949956,0.00075288204,0.00079824566,0.0018949824,0.0013352764
BraTS2021_01645,0.005048121,0.00017627119,0.00021007685,0.0050481195,0.0026206472
BraTS2021_01646,0.0031390144,0.00016883445,0.00021751343,0.0031390127,0.0016660937
BraTS2021_01648,0.0036505763,0.0005951094,0.0005060708,0.0036505572,0.0021005785
BraTS2021_01655,0.0017966152,0.0008063976,0.0024404982,0.0017966148,0.0017100315
BraTS2021_01658,0.008129333,0.0017632267,0.0009633073,0.008129346,0.004746303
BraTS2021_01659,0.0024506897,0.0012686419,0.0010631917,0.0024506894,0.0018083032
