filename,class0,class1,class2,class3,class4,class5,class6,class7,class8,class9,class10,class11,class12,class13,class14,mean
amos_0008.nii.gz,0.9508084,0.94465095,0.9318578,0.82238936,0.7822222,0.97097963,0.8888699,0.946647,0.8067045,0.88282806,0.7681941,0.75829387,0.7315952,0.9499967,0.85519964,0.8660825
amos_0013.nii.gz,0.949116,0.9461109,0.94187707,0.92070377,0.7795497,0.9745527,0.90293634,0.94165295,0.874582,0.7804421,0.76236933,0.787176,0.6707619,0.92933255,0.69123214,0.8568264
amos_0018.nii.gz,0.97394484,0.95783526,0.9620621,0.9228467,0.821975,0.9750455,0.9385575,0.9457002,0.87503195,0.81534034,0.68406594,0.7626263,0.7400756,0.91662556,0.7730216,0.87098366
amos_0022.nii.gz,0.9625,0.9554511,0.9572948,0.8194017,0.88643533,0.97025025,0.9363013,0.94172746,0.89359087,0.8660586,0.78651685,0.80827755,0.8612977,0.829721,0.8956339,0.8913639
amos_0029.nii.gz,0.9650163,0.96864444,0.9681507,0.94011074,0.8812041,0.9824831,0.9677334,0.9337902,0.92587537,0.8779393,0.86530614,0.8331915,0.75737566,0.9631323,nan,0.9164252
amos_0032.nii.gz,0.9712871,0.9710162,0.96987224,0.9322638,0.8802974,0.9759882,0.9726487,0.9438952,0.9054036,0.88781255,0.8327645,0.8447205,0.8604456,0.95806617,0.82757807,0.915604
amos_0034.nii.gz,0.9593464,0.9676774,0.9602054,0.8255832,0.8019024,0.9610325,0.850345,0.95200884,0.8421781,0.65511686,0.59671104,0.6707211,0.5944916,0.79907286,0.87186515,0.8205506
amos_0040.nii.gz,0.96831477,0.943784,0.9451855,0.6753379,0.7962314,0.96799994,0.9534455,0.8453661,0.79811156,0.83388996,0.72088355,0.8183333,0.84085906,0.4133735,0.55618656,0.8051536
amos_0041.nii.gz,0.95754296,0.9512334,0.9478767,0.5740689,0.8017415,0.9658912,0.8496742,0.90340453,0.86127555,0.7599644,0.67242867,0.6433649,0.64895576,0.922119,0.7097714,0.8112875
amos_0051.nii.gz,0.94759065,0.93740326,0.9513696,0.78040975,0.82054025,0.9671629,0.87758005,0.94067746,0.816349,0.8250125,0.75258917,0.6906318,0.8028161,0.8425337,0.8425233,0.85301274
amos_0056.nii.gz,0.9454014,0.94163185,0.92901987,nan,0.22323462,0.9749544,0.91442084,0.93880135,0.8284178,0.4701522,0.7408893,0.7650023,nan,0.96488154,0.8737864,0.8085072
amos_0061.nii.gz,0.97263825,0.950587,0.9526554,0.93828684,0.8235294,0.96671736,0.9648377,0.91949964,0.8993019,0.83135885,0.69279855,0.7327888,0.84821045,0.92842495,0.9019574,0.8882395
amos_0063.nii.gz,0.96005136,0.9517208,0.9543731,0.9040689,0.8057554,0.9616062,0.9282295,0.91388243,0.868778,0.8565841,0.6788991,0.7111111,0.7698866,0.5835021,0.8727873,0.84808236
amos_0070.nii.gz,0.9661068,0.9519866,0.8542128,nan,0.83547556,0.97783303,0.97048557,0.94281554,0.83910924,0.89849204,0.7436774,0.8376344,0.7851796,0.84379935,0.3659544,0.8437687
amos_0073.nii.gz,0.9676386,0.9639208,0.95767516,0.8425601,0.87081623,0.9760962,0.955721,0.9395219,0.85766196,0.85101247,0.84149486,0.76,0.86194885,0.9087531,0.8434391,0.8932173
amos_0085.nii.gz,0.95296913,0.962788,0.95301306,0.7295423,0.63236207,0.9601552,0.9203985,0.9322267,0.7934042,0.8584929,0.6595238,0.8096085,0.82835287,0.96077985,0.84645635,0.8533383
amos_0087.nii.gz,0.96927834,0.952193,0.94795907,0.91515505,0.85041714,0.9687618,0.94460773,0.93084645,0.91919756,0.82258534,0.70481145,0.7877523,0.835011,0.9606002,0.8868336,0.8930673
amos_0090.nii.gz,0.9712609,0.95819694,0.9709592,0.9237452,0.8899046,0.9814582,0.9583546,0.9521346,0.89154726,0.90483296,0.7627397,0.7614437,0.86247474,0.92812914,0.8454444,0.9041751
amos_0106.nii.gz,0.98146176,0.9611597,0.969075,0.0754717,0.86251146,0.98412055,0.93317133,0.9,0.8723895,0.8427886,0.87268996,0.86038595,0.8506056,0.8622871,0.6967139,0.8349889
amos_0108.nii.gz,0.93883866,0.97736275,0.9760875,0.5455152,0.5978278,0.97301835,0.9353702,0.94726855,0.9339029,0.91169494,0.6284349,0.8726731,0.7629151,0.9057731,0.937094,0.8562517
amos_0112.nii.gz,0.9850838,nan,0.9630755,0.93899393,0.89407474,0.9797611,0.9155401,0.97515106,0.92243737,0.8712116,0.8215488,0.8940774,0.79871,0.9564315,0.91405606,0.9164394
amos_0117.nii.gz,0.978932,0.9782022,0.97878176,0.95183045,0.8550958,0.98533964,0.81439143,0.97332054,0.89750713,0.8376013,0.85714287,0.81610245,0.755975,nan,nan,0.89847857
amos_0120.nii.gz,0.9791618,0.9678749,0.9734208,nan,0.95561665,0.98475486,0.95903677,0.97022915,0.9473045,0.65908736,0.85110295,0.816772,0.9118809,0.9828466,0.94777447,0.9219188
amos_0123.nii.gz,0.984464,0.98409295,0.98017997,0.8955194,0.814985,0.9863651,0.9750656,0.96870965,0.94296956,0.9268556,0.89584666,0.83956575,0.92764026,0.89022356,0.928112,0.9293729
amos_0128.nii.gz,0.9849226,0.97328794,0.9792704,0.92900515,0.91029584,0.9851898,0.88766897,0.9775954,0.9390071,0.9307643,0.8528529,0.9006004,0.8347576,0.98231095,0.9309333,0.9332308
amos_0132.nii.gz,0.9279404,0.9698834,0.963773,0.6870588,0.8088103,0.9454372,0.60412407,0.9661743,0.8602004,0.8132131,0.6221744,0.65645933,0.7273952,0.8131694,0.8398412,0.8137103
amos_0136.nii.gz,0.9854817,0.9689322,0.97664154,0.85365176,0.87277895,0.98633164,0.9793205,0.9604276,0.947146,0.925861,0.8053553,0.8683206,0.9140451,0.93248016,0.94896716,0.92838275
amos_0140.nii.gz,0.9575175,0.9643709,0.96608704,0.8858049,0.7322131,0.9746866,0.91325927,0.9559944,0.9427779,0.87665087,0.83285713,0.7382075,0.8016747,0.92782176,0.8752875,0.88968074
amos_0144.nii.gz,0.9886254,0.98209125,0.98115975,0.952514,0.8659794,0.98850846,0.97276986,0.96889096,0.96269345,0.921683,0.9118881,0.90462,0.92289793,0.9592351,0.9450933,0.94857675
amos_0150.nii.gz,0.9634869,0.9711244,0.9728885,nan,0.816891,0.97444826,0.9189897,0.970831,0.89807934,0.78912795,0.8472821,0.56500226,0.6621452,0.98093325,0.8820985,0.8723807
amos_0155.nii.gz,0.9870016,0.98272884,0.9832921,0.3569205,0.6555764,0.9776195,0.94476336,0.96838534,0.9111068,0.8229058,0.7665953,0.59982485,0.75693536,0.90378505,0.8641953,0.8321089
amos_0157.nii.gz,0.98381084,0.97680247,0.977065,0.9451433,0.8493248,0.9860056,0.9643914,0.95368683,0.9407311,0.9067297,0.82713753,0.74895746,0.8852211,0.8822898,0.788956,0.90775025
amos_0167.nii.gz,0.9501979,0.95594037,0.9575866,0.944,0.8572207,0.9892446,0.95536304,0.951938,0.8987318,0.8954597,0.795539,0.86031044,0.87859493,0.8834711,0.9380843,0.91411227
amos_0174.nii.gz,0.983308,0.9773454,0.9759716,0.95870435,0.89679784,0.9868906,0.9607434,0.9521686,0.9461829,0.9190006,0.8503817,0.85741997,0.88403976,0.94186044,0.9470133,0.9358552
amos_0176.nii.gz,0.9791953,0.97295415,0.96980417,0.93728465,0.7092115,0.98513466,0.9676116,0.9479486,0.9562833,0.93543035,0.8700855,0.8328388,0.9209969,0.7421714,0.8803026,0.90715027
amos_0189.nii.gz,0.97689605,0.97592455,0.97777957,0.90480024,0.83181816,0.9831043,0.86798143,0.9737479,0.90647805,0.9083123,0.7418738,0.6252159,0.82131386,0.5829042,0.6802341,0.85055894
amos_0191.nii.gz,0.9783565,0.963995,0.96832186,nan,0.8953812,0.9853245,0.95085835,0.94605565,0.9119938,0.92895377,0.827447,0.8991355,0.87832844,0.98477936,0.94543827,0.9331693
amos_0194.nii.gz,0.95758533,0.9660669,0.95445716,0.88684547,0.85936284,0.97923136,0.9597603,0.9491784,0.91265666,0.8623588,0.76231265,0.78590786,0.80973065,0.7828211,0.8369146,0.884346
amos_0200.nii.gz,0.98578256,0.9809997,0.9799011,0.9497421,0.8634454,0.98380977,0.84367096,0.9713908,0.938501,0.9039311,0.88796103,0.8844985,0.93083316,0.97559655,0.94905823,0.93527484
amos_0202.nii.gz,0.9716451,0.96699613,0.972913,0.9375682,0.9124147,0.9772209,0.9636852,0.95962054,0.93387836,0.91315,0.82191783,0.9052784,0.89913994,0.8934467,0.93046296,0.93062246
amos_0203.nii.gz,0.9592925,0.9353248,0.9508522,0.044351626,0.8521483,0.9633529,0.9578201,0.94056755,0.93357885,0.5155607,0.6736292,0.66394114,0.43125388,0.9500302,0.87281656,0.7763013
amos_0204.nii.gz,0.93372685,0.9321604,0.9454917,0.8964438,0.7846601,0.96367836,0.8697949,0.9222734,0.896226,0.83145183,0.76238453,0.73333335,0.8075121,0.9667379,0.8469602,0.8728556
amos_0206.nii.gz,0.97346616,0.972371,0.97133756,0.9248,0.87260246,0.97558683,0.9640774,0.96755075,0.94862354,0.90981185,0.8503937,0.8671839,0.8636634,0.88209134,0.8790568,0.9215078
amos_0207.nii.gz,0.95798403,0.9423487,0.94406235,0.8730323,0.8140744,0.97139287,0.9420894,0.95143485,0.9184582,0.8495111,0.6706587,0.7457856,0.8142582,0.8922964,0.8688259,0.8770809
amos_0208.nii.gz,0.95802814,0.94268835,0.9461997,0.2646165,0.8622754,0.93807065,0.93434966,0.9472993,0.9332749,0.73933065,0.7860963,0.7743119,0.83628994,0.9192456,0.9041539,0.8457488
amos_0216.nii.gz,0.9697283,0.97564304,0.97571194,0.9109392,0.9341177,0.97802585,0.9797399,0.97652507,0.90058786,0.92260414,0.82753164,0.84762865,0.8907302,0.6053551,0.8321535,0.90180147
amos_0218.nii.gz,0.955988,0.94417113,0.94926554,0.7741767,0.908078,0.969699,0.8489866,0.9598675,0.94006646,0.8497275,0.79151946,0.77959925,0.74279267,0.7989145,0.88132095,0.87294495
amos_0219.nii.gz,0.9739195,0.9616402,0.9583751,0.9434935,0.92624223,0.97822773,0.9689967,0.972034,0.86825716,0.89804876,0.7679144,0.8234375,0.8843622,0.9360717,0.90306675,0.9176058
amos_0223.nii.gz,0.95934755,0.95704895,0.9634714,0.8736689,0.9153046,0.9687705,0.9490749,0.9569177,0.93670434,0.8843176,0.6251298,0.6498258,0.73990434,0.9323511,0.92023355,0.8821381
amos_0228.nii.gz,0.93869627,0.966888,0.972471,0.95033747,0.8825436,0.97507554,0.96981376,0.9593029,0.90017647,0.8443891,0.74242425,0.8677249,0.87571704,0.9386415,0.74701774,0.9020813
amos_0233.nii.gz,0.9784847,0.96795505,0.9639066,0.9444154,0.9111269,0.97115135,0.9778163,0.96319354,0.9292795,0.9111062,0.7767635,0.89077055,0.8415983,0.93830955,0.9162955,0.9254782
amos_0238.nii.gz,0.95754683,0.9366734,0.93737525,0.9121589,0.8271851,0.96265984,0.9087146,0.9499637,0.8637353,0.8713963,0.27767584,0.7063253,0.869596,0.9218607,0.75907815,0.8441297
amos_0244.nii.gz,0.96682405,0.9618132,0.96779937,0.94655085,0.8491059,0.9741199,0.96428,0.9467255,0.940559,0.8648983,0.8459697,0.8527697,0.7860645,0.9603784,0.70235336,0.9020142
amos_0247.nii.gz,0.98030883,0.98131925,0.97938496,0.95088774,0.8826546,0.9845958,0.9557073,0.9696551,0.9616468,0.8989701,0.82966685,0.8511656,0.8947335,0.94859374,nan,0.93352073
amos_0250.nii.gz,0.9722208,0.972494,0.97712517,0.96254766,0.8396009,0.98060864,0.9556653,0.96622336,0.9306828,0.9056237,0.6539548,0.8749259,0.7552605,0.82909197,0.7824832,0.8905672
amos_0255.nii.gz,0.9612811,0.9510686,0.9517392,0.91790384,0.83650464,0.97370934,0.94393,0.92331535,0.93575543,0.8819791,0.5619081,0.78619367,0.85201156,0.93630314,0.6493574,0.87086403
amos_0257.nii.gz,0.97015965,0.9741096,0.9688706,0.91433054,0.93439025,0.9751294,0.9654632,0.95045346,0.89460754,0.79894984,0.8163031,0.9005146,0.8466546,0.97497904,0.8920832,0.9184666
amos_0258.nii.gz,0.98404664,0.9637127,0.95360446,0.89085037,0.8622537,0.96632755,0.45408812,0.96858925,0.9206191,0.78492206,0.882227,0.79873013,0.5088491,0.9496707,0.91607064,0.85363746
amos_0278.nii.gz,0.9680026,0.97579664,0.97351813,0.959226,0.9325292,0.9752224,0.9536876,0.9725353,0.9495932,0.91866934,0.86823857,0.6871696,0.8906292,0.9670113,0.9456695,0.9291666
amos_0280.nii.gz,0.9764266,0.9765709,0.97365975,0.95137215,0.9206128,0.9737066,0.984307,0.96304107,0.9069456,0.9095346,0.7269891,0.8574163,0.91762346,0.9806107,0.92398494,0.92952
amos_0283.nii.gz,0.96439356,0.9631933,0.96468365,0.9008121,0.8693319,0.974356,0.9448207,0.9536456,0.94090176,0.8943006,0.750691,0.77301925,0.87885547,0.7389255,0.891642,0.8935715
amos_0284.nii.gz,0.97171694,0.970886,0.97215354,0.94984937,0.89345,0.9797037,0.95646125,0.9689152,0.8956036,0.84178406,0.81418437,0.8267606,0.8780888,0.920219,0.8681406,0.91386116
amos_0286.nii.gz,0.9558539,0.94660324,0.9367264,0.90044785,0.86348313,0.9702294,0.9588332,0.96087945,0.9160615,0.7765197,0.7829978,0.18736842,0.86737245,0.9617892,0.87853694,0.8575802
amos_0287.nii.gz,0.94641846,0.9284898,0.9326832,0.03517588,0.66507614,0.9703334,0.87537307,0.9385431,0.910223,0.6338572,0.69272727,0.5743119,0.6163744,0.091069534,0.38456565,0.6796815
amos_0289.nii.gz,0.9665572,0.97780263,0.9766858,0.9285359,0.93041855,0.9781193,0.9653609,0.9657566,0.95384216,0.88328195,0.8169611,0.84837544,0.8345637,0.66006875,0.9168369,0.9068777
amos_0290.nii.gz,0.96981716,0.9724641,0.9663941,0.9091531,0.8176682,0.9746041,0.9632414,0.9713748,0.9499231,0.809013,0.75728154,0.8870482,0.8270587,0.92922366,0.8600138,0.9042853
amos_0292.nii.gz,0.9787091,0.9733116,0.97492045,0.93733394,0.93273765,0.98358667,0.9610805,0.9636055,0.9537272,0.90599746,0.74429226,0.79125684,0.9322874,0.9763709,0.8984183,0.92717564
amos_0293.nii.gz,0.9725637,0.9672191,0.9731217,0.103257835,0.89148843,0.92732203,0.92569023,0.96261466,0.89195085,0.8920083,0.69784707,0.83652765,0.87730926,0.9344756,0.87341774,0.8484543
amos_0304.nii.gz,0.96991396,0.95864457,0.9636482,0.90628546,0.8791334,0.96845025,0.96483004,0.95376074,0.9232037,0.91387725,0.77431905,0.7116041,0.7429753,0.9248028,0.8105363,0.89106566
amos_0308.nii.gz,0.98578787,0.9770488,0.9777762,0.8395393,0.9347601,0.9903646,0.93419963,0.9632333,0.93120706,0.88402385,0.92354006,0.78284925,0.55804926,0.9657278,0.0,0.8432071
amos_0309.nii.gz,0.9729031,0.9646473,0.9503443,0.87305963,0.79674137,0.9740549,0.95216304,0.9382832,0.8850234,0.91067666,0.7228004,0.80802673,0.8995012,0.9712578,0.8932076,0.90084606
amos_0310.nii.gz,0.96779495,0.9707593,0.96802956,0.6184699,0.7691459,0.9318283,0.963253,0.94410276,0.90923667,0.9227333,0.7894737,0.747361,0.9006862,0.97507334,0.91989183,0.88652265
amos_0311.nii.gz,0.96350604,0.9608048,0.95671046,0.8089914,0.8087933,0.9626346,nan,0.8724522,0.87816674,0.8754782,0.5944987,0.7334505,0.7372246,0.6363724,0.8718351,0.8329228
amos_0313.nii.gz,0.97157186,0.9668501,0.96182424,nan,0.9126628,0.96166414,0.945908,0.9597113,0.93386936,0.8877013,0.61692446,0.70747334,0.7605334,0.8936417,0.9051903,0.88468045
amos_0316.nii.gz,0.9661121,0.9579516,0.96276164,0.8993856,0.86845964,0.9741745,0.9604483,0.96737313,0.90645444,0.9266327,0.46829268,0.7841673,0.88492304,0.89579266,0.907065,0.8886663
amos_0318.nii.gz,0.9818169,0.98450905,0.986322,0.8918212,0.9543198,0.98895246,0.93049747,0.9744676,0.9429376,0.92289335,0.85470086,0.94669116,0.86472416,0.9329069,0.9192178,0.93845195
amos_0323.nii.gz,0.9683027,nan,0.95684445,0.85440105,0.8699351,0.96981573,0.95004624,0.93534005,0.93067175,0.8907871,0.7360775,0.670229,0.8951761,0.92429006,0.85607135,0.8862848
amos_0325.nii.gz,0.9713675,0.96520495,0.9656203,0.9220889,0.92419124,0.9827688,0.9633701,0.96522343,0.929791,0.9331583,0.8656163,0.8631052,0.90408087,0.8884241,0.86825347,0.9274843
amos_0326.nii.gz,0.9866952,0.9834498,0.98105973,0.9707838,0.7008563,0.98452795,0.95659554,0.5433851,0.92923754,0.90925425,0.8869969,0.78350514,0.9032923,0.92450225,0.7150219,0.8772776
amos_0328.nii.gz,0.9876259,0.9814735,0.9818795,0.9595126,0.8055961,0.9897308,0.9495681,0.9711758,0.954653,0.9101897,0.89123267,0.8947685,0.8055386,0.95311856,0.9162304,0.93015283
amos_0333.nii.gz,0.9823005,0.935973,0.94346905,0.89627993,0.92361987,0.97708106,0.84517217,0.8719268,0.8685055,0.726445,0.83739835,0.42247868,0.5977283,0.8795881,0.8928924,0.8400573
amos_0334.nii.gz,0.9860025,0.9818806,0.97778034,0.9507697,0.8017927,0.98532766,0.962421,0.9719528,0.9458593,0.7992974,0.7798834,0.76124936,0.7814169,0.83352655,0.70656735,0.8817152
amos_0339.nii.gz,0.9636169,0.91514754,0.9480411,0.8232546,0.8878295,0.96898735,0.95499724,0.9436053,0.8409875,0.8665932,0.710988,0.75252527,0.7647182,0.4297587,0.25769725,0.8019165
amos_0342.nii.gz,0.86506593,0.97883934,0.97379947,0.94177055,0.7555166,0.9790352,0.90260607,0.97224104,0.9478132,0.9170912,0.86309046,0.75807303,0.8234813,0.9784327,0.94720036,0.9069372
amos_0344.nii.gz,0.9614365,0.9762063,0.9741441,0.8666386,0.6676842,0.9585255,0.6421167,0.96831626,0.9226227,0.9079397,0.7969598,0.78423643,0.90577066,0.90858126,0.609748,0.85672843
amos_0346.nii.gz,0.906827,0.9760699,0.96402085,0.912522,0.90092164,0.94172806,0.88973224,0.9711833,0.9580216,0.65526766,0.7819095,0.74806803,0.85160756,0.96937233,0.91089344,0.8892097
amos_0352.nii.gz,0.9817005,0.9788925,0.9817143,0.7690934,0.8519342,0.98407316,0.9408984,0.97432005,0.94498765,0.90705025,0.7496079,0.8755981,0.8885256,0.9545288,0.8483608,0.9087524
amos_0356.nii.gz,0.98435366,0.7777163,0.95000523,nan,0.77927065,0.97587353,0.14389488,0.9675973,0.90709144,0.4456397,0.3961039,0.6962025,0.14889483,0.9335954,0.813408,0.7085463
amos_0357.nii.gz,0.94414264,0.95170575,0.9500158,0.86594266,0.3360695,0.959471,0.39820778,0.94321823,0.95620435,0.8455118,0.7277937,0.7597449,0.7384996,0.9509249,0.86313707,0.81270593
amos_0363.nii.gz,0.97058195,0.96567297,0.95333034,0.91619813,0.88714343,0.9796414,0.9387578,0.95485944,0.93761605,0.897965,0.7470588,0.7189097,0.671515,0.7709531,0.8739819,0.8789456
amos_0364.nii.gz,0.97770983,0.971881,0.977329,0.9525067,0.79181707,0.9834728,0.9261143,0.94337636,0.92179227,0.928769,0.7918498,0.85286105,0.80645514,0.21519934,0.69775015,0.849259
amos_0365.nii.gz,0.9807792,0.96567136,0.9694006,0.9562639,0.9509524,0.9827143,0.96457464,0.967162,0.9368617,0.91784924,0.8372093,0.85986656,0.9153011,0.9383243,0.8853755,0.9352205
amos_0368.nii.gz,0.97584677,0.94601464,0.95086247,0.9500543,0.88243204,0.9780354,0.9554587,0.95957565,0.9152649,0.87353796,0.88071066,0.79550564,0.85395384,0.9686844,0.72866493,0.9076402
amos_0372.nii.gz,0.9753999,0.9624243,0.96427655,0.9612454,0.8962612,0.98407835,0.93657076,0.9662346,0.9058057,0.8538484,0.7586207,0.82567215,0.9021677,0.96910095,0.8877302,0.9166291
amos_0373.nii.gz,0.9404243,0.9584782,0.9649561,0.9492839,0.86280835,0.9420988,0.68543494,0.9594795,0.8739076,0.4555756,0.8135073,0.63678694,0.8057033,0.9758995,0.9091516,0.8488998
amos_0377.nii.gz,0.9726061,0.9657835,0.94841456,0.91449815,0.8192771,0.9817687,0.9566405,0.9613412,0.9099985,0.87725544,0.74722564,0.8502304,0.8303382,0.96661645,0.81967384,0.90144455
amos_0385.nii.gz,0.9763891,0.96252275,0.9650741,0.9581971,0.8802265,0.98108864,0.9562675,0.96116984,0.9008098,0.9079535,0.7684809,0.9148265,0.8871429,0.96261597,0.73381215,0.9144385
amos_0397.nii.gz,0.97638655,0.96605986,0.96667224,0.92354506,0.87488985,0.98370165,0.96878856,0.9505721,0.9008837,0.88409215,0.80985916,0.6270136,0.83102643,0.79519665,0.7093875,0.87787163
amos_0399.nii.gz,0.97570896,0.97232294,0.9735071,0.95302016,0.913242,0.9842423,0.9530428,0.969916,0.90996957,0.89387697,0.8357143,0.88848263,0.9251493,0.8593087,0.30025735,0.8871841
amos_0409.nii.gz,0.9830338,0.9631735,0.96360755,0.9640756,0.9452131,0.9781663,0.9662251,0.95503503,0.9205124,0.9163155,0.7667239,0.8675418,0.90789616,0.97906995,0.8976969,0.931619
