filename,class0,class1,class2,class3,class4,class5,class6,class7,class8,class9,class10,class11,class12,class13,class14,class15,mean,mean,mean,mean
amos_0008.nii.gz,4.67488e-06,0.0019150323,0.0072860545,0.009375003,0.016651012,0.06710696,0.0012696942,0.0502866,0.00835671,0.14843088,0.019584473,0.09342757,0.086405694,0.03541235,0.005442187,0.006655877,0.034850672
amos_0013.nii.gz,0.0001315444,0.006397215,0.0064248666,0.0034979666,0.009857281,0.049569983,0.0011465523,0.009286053,0.0039725346,0.03729732,0.107294165,0.055178855,0.0667388,0.14312492,0.011968903,0.014665825,0.03290955
amos_0018.nii.gz,8.265806e-06,0.00095781585,0.0028197211,0.0025932787,0.009900847,0.010697204,0.001649993,0.010945635,0.0059098164,0.041586585,0.14778528,0.061170153,0.030525759,0.029375605,0.009148251,0.020391485,0.024091605
amos_0022.nii.gz,3.0267888e-06,0.0020900867,0.0046780766,0.0035026032,0.006655071,0.027214088,0.001578619,0.003664609,0.007591855,0.025291365,0.051213942,0.06275731,0.08021861,0.028050091,0.026936201,0.0061715813,0.021101072
amos_0029.nii.gz,2.5142364e-05,0.0021924954,0.001344124,0.0016188406,0.004803636,0.024292346,0.00040564375,0.0013023753,0.0040297657,0.008634463,0.043310292,0.026939433,0.061851304,0.05186339,0.0022940869,0.9859154,0.076301426
amos_0032.nii.gz,3.2731975e-06,0.0017269957,0.0013096109,0.0017814379,0.0079047615,0.037808053,0.001158647,0.0010603166,0.005574657,0.016188849,0.022034377,0.07291148,0.055224217,0.031405352,0.002594362,0.017628033,0.017269652
amos_0034.nii.gz,2.7094675e-05,0.0015678417,0.0006134112,0.0019906242,0.049435224,0.043735422,0.0024828124,0.037362747,0.0029236581,0.018730188,0.17957741,0.08365934,0.22312045,0.09847955,0.029682746,0.007092802,0.048780084
amos_0040.nii.gz,0.000117557174,0.0012474484,0.0077694235,0.0058548376,0.107478105,0.060932808,0.002093195,0.0029418713,0.0059480416,0.054691114,0.049020417,0.15167466,0.07018946,0.063739546,0.6550982,0.059564047,0.08114755
amos_0041.nii.gz,0.00012320366,0.0045549734,0.005041252,0.0011184635,0.0004186687,0.08773027,0.0025437335,0.006383292,0.08148965,0.016841345,0.13041651,0.11113694,0.03943698,0.20804256,0.017117117,0.30814946,0.063784026
amos_0051.nii.gz,4.7518997e-06,0.0016409217,0.008122928,0.0060115242,0.04066065,0.030539475,0.0026811797,0.05264556,0.006256352,0.076802224,0.07373532,0.044536922,0.1552167,0.08373548,0.10332719,0.016651437,0.043910537
amos_0056.nii.gz,3.739472e-05,0.008632884,0.007208285,0.009692425,0.9983361,0.609419,0.0016840595,0.0027369447,0.0062182136,0.040535737,0.43918037,0.03224528,0.114628494,0.99984694,0.0025934558,0.04625218,0.20745297
amos_0061.nii.gz,2.2036515e-05,0.00091157696,0.15397224,0.005332161,0.006430355,0.052683722,0.0015745168,0.0019977498,0.009712492,0.011988663,0.06540573,0.1654805,0.13440457,0.035211783,0.023004347,0.004010198,0.042008914
amos_0063.nii.gz,8.7233464e-05,0.0019232626,0.004137002,0.0045006033,0.012604045,0.05229685,0.001509107,0.010542754,0.01280959,0.021901991,0.049801,0.09709126,0.13376142,0.13143547,0.45362878,0.017140992,0.062823206
amos_0070.nii.gz,1.094439e-05,0.0031159697,0.005673999,0.008955728,0.9473684,0.06168543,0.0012133754,0.001503301,0.0046511046,0.05220753,0.02217405,0.08087782,0.067854986,0.0284711,0.0320156,0.6451222,0.12268135
amos_0073.nii.gz,2.9559694e-06,0.0024632534,0.0018096807,0.0031397115,0.02323199,0.03289765,0.0011805141,0.0057016476,0.005812568,0.021877483,0.035126127,0.026477247,0.08787459,0.0371909,0.025053203,0.051106602,0.022559132
amos_0085.nii.gz,8.423298e-06,0.0017048818,0.0023002636,0.00296713,0.028668903,0.1850602,0.0019530852,0.011863582,0.0071722115,0.10790023,0.036425397,0.121619076,0.044103347,0.054874323,0.0030774511,0.038182802,0.04049258
amos_0087.nii.gz,9.521423e-06,0.002220802,0.00402804,0.004754822,0.012907452,0.043311894,0.001577461,0.006512883,0.011619477,0.012559762,0.07382622,0.11041348,0.049301654,0.036242876,0.003629084,0.033699688,0.025413442
amos_0090.nii.gz,4.732977e-06,0.0011105556,0.0041321064,0.0010947229,0.016971564,0.007289474,0.0007440439,0.0035243903,0.0049402434,0.03254018,0.018764913,0.07937303,0.066755295,0.020125136,0.009615382,0.052088764,0.019942159
amos_0106.nii.gz,2.1864048e-06,0.00044442312,0.0046277116,0.0019453932,0.0,0.027507808,0.00036338385,0.002835862,0.002066949,0.0285035,0.03307581,0.003949454,0.012852508,0.033282157,0.052159872,0.24207783,0.027855927
amos_0108.nii.gz,9.889696e-06,0.0014654647,0.0004786143,0.001807146,0.0,0.0073808897,0.0009252156,0.003338794,0.0109567065,0.0055729933,0.019016422,0.050005376,0.012167433,0.048878573,0.021639835,0.005465547,0.011819306
amos_0112.nii.gz,7.78552e-06,0.00015544078,nan,0.0014692997,0.008414758,0.016783467,0.0004398003,0.0038174829,0.0008219745,0.024558287,0.051364705,0.0056049554,0.021062229,0.039457437,0.014973237,0.019457564,0.013892561
amos_0117.nii.gz,2.8238844e-06,0.00058500096,0.0016969258,0.00024081403,0.005551247,0.023234582,0.00010647641,0.033752628,0.0020737718,0.012001673,0.05940874,0.0364694,0.031562038,0.05505464,nan,nan,0.018695768
amos_0120.nii.gz,1.2370047e-05,0.0013102052,0.0005867521,0.00065923133,nan,0.010436965,0.0008973534,0.0037502002,0.00093098736,0.0026810456,0.014378125,0.024545394,0.07634301,0.021115875,0.00047564233,0.007556293,0.011045297
amos_0123.nii.gz,6.292922e-06,0.00023313476,0.00030085427,0.00039700535,0.008011291,0.030486804,0.0004275189,0.00074958766,0.0005488756,0.0029907487,0.013685457,0.011253498,0.025855295,0.0077673644,0.028887194,0.0023254445,0.008370398
amos_0128.nii.gz,0.00021685423,0.00031405245,0.0015948862,0.0010598755,0.007783667,0.019345012,0.00022857192,0.0043043476,0.0010175819,0.014780702,0.011867693,0.049704175,0.025077727,0.104706965,0.0003590565,0.0018903355,0.015265718
amos_0132.nii.gz,2.3387856e-05,0.0038057806,0.0026998343,0.002207389,0.007054017,0.07539874,0.0039017433,0.021767864,0.0014073693,0.024056338,0.0176307,0.09700389,0.11300635,0.045123555,0.04065804,0.0036290498,0.02871088
amos_0136.nii.gz,1.9473448e-06,0.0003483066,0.0039241165,0.0012389354,0.0058015576,0.031681634,0.0006089377,0.00064296834,0.0011657146,0.009295258,0.006578846,0.052738007,0.06597686,0.012402207,0.01354447,0.0038001845,0.013109371
amos_0140.nii.gz,1.0719639e-05,0.0036733234,0.0048395935,0.002849176,0.028799009,0.099358484,0.0012690132,0.008696901,0.0073935147,0.0019361194,0.032482155,0.028577998,0.02780777,0.06980951,0.032286666,0.042355366,0.024509083
amos_0144.nii.gz,1.0046296e-06,0.00030705595,0.0002831355,0.0005779456,0.0020186927,0.036076732,0.00023943366,0.0007103144,0.0014837072,0.0044603813,0.0031086323,0.0063460516,0.0070680575,0.027131522,0.0022129253,0.0109273605,0.0064345594
amos_0150.nii.gz,4.301466e-05,0.0017724645,0.0010930869,0.0011568805,0.9955157,0.013739586,0.0009249645,0.0041220062,0.00073570746,0.010160135,0.049623653,0.0017792643,0.2993562,0.04255031,0.00044342154,0.012933953,0.0897469
amos_0155.nii.gz,2.7715557e-06,0.00019396307,0.0005454731,0.00045578153,0.005543177,0.10812906,0.0006880597,0.0022773384,0.0029975697,0.0046354323,0.12465917,0.058898836,0.07692522,0.088357985,0.0038192905,0.018914696,0.031065239
amos_0157.nii.gz,1.5861107e-05,0.00018149201,0.0006408484,0.00082354393,0.002305909,0.040754035,0.00034390533,0.0013852469,0.0037759994,0.009001758,0.010798411,0.065761946,0.020833168,0.03597395,0.0061492207,0.003027001,0.012610768
amos_0167.nii.gz,4.333918e-06,0.0014096581,0.005238224,0.002959656,0.0033043083,0.025077552,0.00036022655,0.0014712642,0.0010931942,0.004669702,0.016289292,0.01533437,0.019930406,0.046837956,0.007550166,0.008919172,0.010028092
amos_0174.nii.gz,9.0472486e-07,0.00043811134,0.0006393752,0.0005058527,0.004797656,0.022331763,0.00016387485,0.0019927234,0.0025747968,0.02420022,0.014879155,0.03014158,0.025221322,0.04068537,0.013533745,0.01238049,0.012155433
amos_0176.nii.gz,2.2081e-05,0.00066907343,0.0012716076,0.0015152739,0.0039388845,0.013710519,0.00025985768,0.0018130073,0.0023210743,0.0047660493,0.005783122,0.026853295,0.023031604,0.010559225,0.083048806,0.00797612,0.011721225
amos_0189.nii.gz,5.582603e-06,0.0009677829,0.00074292894,0.00058504264,0.00849704,0.015812509,0.0006950399,0.005325783,0.0018786814,0.02267495,0.008906231,0.018529756,0.28606397,0.09924645,0.39695376,0.1695077,0.06477458
amos_0191.nii.gz,1.9438844e-06,0.00042147742,0.0029938444,0.0027771967,0.9499999,0.026044406,0.00060487,0.004040993,0.004247318,0.021122172,0.0070752073,0.049105562,0.025565704,0.05151157,0.00035784932,0.0030531394,0.0718077
amos_0194.nii.gz,4.8075985e-06,0.0074836323,0.00037890216,0.004101771,0.042894915,0.02138491,0.0004355398,0.003066101,0.0066083367,0.018314343,0.027591249,0.0968955,0.034124028,0.05144602,0.06671277,0.007586513,0.024314333
amos_0200.nii.gz,6.52501e-07,0.0004177804,0.00033177083,0.00052668666,0.0005390784,0.012819922,0.0007812948,0.08663353,0.0037851934,0.053490173,0.006984232,0.015179947,0.016413014,0.008616057,0.0018921047,0.009388062,0.013612469
amos_0202.nii.gz,1.184992e-05,0.0024132514,0.00262603,0.0012297648,0.002627361,0.012158069,0.0012594435,0.0032620744,0.002891439,0.011379764,0.006596504,0.081276044,0.020388301,0.0112452,0.0056066476,0.0063435175,0.010707204
amos_0203.nii.gz,0.0013173171,0.0026410555,0.006397472,0.0038657812,0.6669761,0.026077423,0.0029744497,0.0024466435,0.0045305486,0.0158359,0.044132203,0.10725392,0.39518225,0.2114482,0.003017622,0.034123346,0.09551376
amos_0204.nii.gz,2.7552855e-05,0.0055587552,0.008872714,0.005754281,0.005746885,0.042389475,0.0021053907,0.015665654,0.01656833,0.019328915,0.04435052,0.09521379,0.13728629,0.026189491,0.001425009,0.019530559,0.02787585
amos_0206.nii.gz,8.605013e-06,0.000682849,0.0016919877,0.000994062,0.002543535,0.028076708,0.0013044722,0.0011110693,0.0009823621,0.0018373881,0.012045521,0.07438891,0.015347139,0.031556845,0.006948446,0.0047610537,0.01151756
amos_0207.nii.gz,1.10858e-05,0.0037178742,0.004210717,0.004520883,0.01892807,0.10506055,0.001760976,0.004982269,0.0032895794,0.007284125,0.048254363,0.13903555,0.13395673,0.049780034,0.031577848,0.008966282,0.03533356
amos_0208.nii.gz,0.00017121885,0.00088625826,0.00617836,0.0037159515,0.2328381,0.05036065,0.009896876,0.0052087232,0.002058032,0.004727232,0.15372215,0.0636995,0.12475488,0.08844797,0.0018288554,0.023502007,0.048249796
amos_0216.nii.gz,1.3107478e-05,0.00081545406,0.0017712014,0.0010829596,0.013663183,0.008576008,0.0003396352,0.00046120072,0.0010615762,0.028145868,0.014990812,0.05621343,0.0410515,0.029404,0.37044004,0.059674762,0.039231546
amos_0218.nii.gz,0.0003947982,0.0037237816,0.0050978325,0.0041868035,0.022725688,0.010119079,0.0020952453,0.00197445,0.0030475927,0.006170811,0.027070824,0.04971167,0.045467414,0.033162303,0.009085888,0.031836674,0.015991928
amos_0219.nii.gz,5.5439687e-06,0.0009361923,0.0029084412,0.0034577406,0.0031353978,0.0069470573,0.00064954575,0.0016416963,0.0025709234,0.010449429,0.016439887,0.20420918,0.01842528,0.020280257,0.0013160992,0.004584369,0.018622315
amos_0223.nii.gz,1.7620177e-05,0.0033915748,0.0035007806,0.0015351456,0.01053944,0.013784859,0.0014164688,0.003095455,0.0025929133,0.0128825195,0.020311158,0.070588835,0.20953616,0.015700452,0.0066901557,0.0010154996,0.02353744
amos_0228.nii.gz,4.656863e-06,0.0009468961,0.0011498238,0.0012516626,0.0024477516,0.014893565,0.001609238,0.0030117305,0.005095545,0.0060067,0.051601857,0.0549142,0.035233885,0.010272578,0.0033687742,0.08388726,0.017231006
amos_0233.nii.gz,2.8389506e-06,0.00089876214,0.0021518338,0.0021566718,0.003981499,0.016335785,0.0030645365,0.00094750925,0.00027584675,0.004131901,0.0053439746,0.028572496,0.044378724,0.07657357,0.0017768834,0.009761961,0.012522175
amos_0238.nii.gz,2.189499e-05,0.0032942498,0.005975323,0.005198571,0.0055805966,0.031030249,0.0029989127,0.012009211,0.0034661177,0.026158456,0.022981185,0.071435794,0.18052064,0.018349221,0.016527016,0.056138888,0.028855395
amos_0244.nii.gz,1.1204227e-05,0.0025433032,0.0029907667,0.0014518811,0.0028719243,0.030052658,0.0019871097,0.002104265,0.002996441,0.0048035113,0.019700147,0.049539853,0.06800003,0.06434253,0.0079354895,0.012923248,0.017140899
amos_0247.nii.gz,2.353071e-06,0.0007979716,0.00032236072,0.00059172604,0.002508861,0.020854399,0.0003412065,0.0033530234,0.000669258,0.0018205136,0.008812083,0.0391166,0.020983893,0.06011094,0.0050665094,0.999279,0.072789416
amos_0250.nii.gz,8.8579065e-05,0.0014141044,0.0008017369,0.0009762059,0.0012803536,0.018365443,0.00059276965,0.0055551035,0.00077835715,0.010686685,0.0094900755,0.019430801,0.019914528,0.007931248,0.0071761264,0.1124562,0.013558645
amos_0255.nii.gz,8.321209e-05,0.0026511424,0.0052533387,0.004509542,0.010461079,0.04096999,0.0014896342,0.005846744,0.008651946,0.0032741446,0.023587793,0.05397311,0.0781975,0.039727896,0.0076291515,0.061474092,0.02173627
amos_0257.nii.gz,3.202699e-05,0.00069504115,0.0013794221,0.002865397,0.038761806,0.009848524,0.0016514992,0.00092169596,0.0011202279,0.029901713,0.041994773,0.09452184,0.020084143,0.0672851,0.0012936848,0.008438463,0.02004971
amos_0258.nii.gz,0.0006865674,0.00050496974,0.0018094417,0.00048161665,0.011697584,0.020390362,0.0023849707,0.19637439,0.001057353,0.011186991,0.11956851,0.039047677,0.055053756,0.028107844,0.0030622147,0.002502711,0.030869808
amos_0278.nii.gz,4.2602314e-06,0.0038193157,0.0015683488,0.0010163118,0.001939436,0.0045781503,0.0015140967,0.0038759625,0.00014984295,0.0018825312,0.01257741,0.024019524,0.01141583,0.011241606,0.00050697033,0.0009090063,0.005063663
amos_0280.nii.gz,2.520252e-05,0.0032334658,0.00060106075,0.0007487383,0.002325376,0.005239286,0.0020460428,0.0004771643,0.004944321,0.0053814435,0.017044932,0.093888044,0.018291255,0.007753174,0.00032019557,0.020128593,0.011403019
amos_0283.nii.gz,1.0701269e-05,0.0023256894,0.0027349982,0.0021239177,0.0044520823,0.015108906,0.0013949013,0.006120432,0.0020512715,0.004678133,0.01955723,0.062401496,0.06807482,0.022836903,0.041489646,0.039262768,0.018413993
amos_0284.nii.gz,1.3494618e-05,0.00091917446,0.0011338026,0.00057494105,0.0034745808,0.040130615,0.0009893518,0.002083527,0.0019684413,0.010251779,0.06939286,0.031139456,0.07700714,0.035366945,0.0031277519,0.0017326493,0.017456656
amos_0286.nii.gz,6.215845e-06,0.0041138837,0.0043724673,0.0041116932,0.014561135,0.034435622,0.0018212353,0.0024998076,0.0013436355,0.0043020267,0.12076299,0.07637058,0.8082604,0.024032326,0.0026825136,0.022034734,0.07035695
amos_0287.nii.gz,0.00087652646,0.0074635823,0.012051446,0.009397752,0.23586756,0.050402425,0.0019740637,0.0052756155,0.0068475953,0.0068837223,0.0394525,0.15045924,0.24346967,0.04041609,0.9632115,0.54081154,0.1446788
amos_0289.nii.gz,1.1059059e-05,0.0015965975,0.0007680134,0.00084326055,0.0043443255,0.012171113,0.00059485564,0.0017344852,0.0050365566,0.0066521186,0.017353471,0.051126502,0.032125168,0.015117681,0.012916761,0.008317454,0.010669339
amos_0290.nii.gz,1.9741976e-05,0.0009885854,0.001757771,0.0017154912,0.011237495,0.001776295,0.0014149927,0.0017268818,0.0010045016,0.0061464626,0.089271314,0.09526592,0.022964185,0.0648627,0.001657113,0.02936845,0.020698618
amos_0292.nii.gz,4.001826e-06,0.0008209559,0.0017639111,0.0016718253,0.0024810722,0.005284666,0.00047918185,0.00392059,0.0059661646,0.0075115906,0.040893994,0.14963055,0.08077398,0.008718278,0.0017647438,0.021358304,0.020815238
amos_0293.nii.gz,2.4813118e-05,0.0012626797,0.0017599919,0.0011620799,0.009158438,0.007387618,0.008722926,0.004638108,0.002403946,0.016968248,0.0499674,0.06291798,0.058004156,0.01572784,0.0016745648,0.02239824,0.01651119
amos_0304.nii.gz,2.7571808e-05,0.0012539595,0.0035311838,0.0020178696,0.002213289,0.007798616,0.002507759,0.0015954599,0.0034606927,0.013609646,0.007951725,0.02845322,0.019904224,0.025556669,0.00847498,0.09236652,0.013795212
amos_0308.nii.gz,0.00015658585,0.0003067925,0.0005304251,0.0005161586,0.054090224,0.006344408,0.00017263263,0.0010386854,0.005672067,0.010807553,0.016812807,0.0041723745,0.037034735,0.32271984,0.0011860318,0.9864865,0.09050299
amos_0309.nii.gz,4.072696e-05,0.0012817474,0.0023785643,0.0023412935,0.0153302625,0.03779939,0.0015557721,0.0031381396,0.0015438721,0.031108584,0.015208891,0.080055,0.065397725,0.05834488,0.00095320505,0.0038835073,0.020022597
amos_0310.nii.gz,4.058358e-05,0.0015148879,0.0018708038,0.0015869059,0.2854822,0.0865214,0.0025030726,0.002070596,0.003914072,0.016380934,0.0073325783,0.123012796,0.08182697,0.0076562567,0.0006183095,0.007885754,0.039388634
amos_0311.nii.gz,0.00012695696,0.0013873453,0.0039878795,0.0028531018,0.058911335,0.059195533,0.0049992604,0.9999378,0.0027460218,0.044777386,0.021633297,0.0284322,0.052903347,0.058848143,0.19749567,0.00976528,0.096750036
amos_0313.nii.gz,1.1421429e-05,0.0010853979,0.0022729447,0.0013241429,0.99603176,0.007350758,0.0034032974,0.0036012125,0.0027014676,0.00652398,0.019159596,0.047723047,0.03426727,0.06633929,0.010501796,0.014330693,0.076039255
amos_0316.nii.gz,6.4919464e-06,0.00429025,0.002944359,0.001774814,0.01905403,0.012177164,0.00136487,0.0019369388,0.0010692962,0.014623368,0.009231752,0.42767483,0.10502052,0.013131823,0.008092307,0.042901628,0.0415809
amos_0318.nii.gz,6.2841655e-06,0.0002217218,0.00024629576,0.0002640417,0.02319931,0.0038983403,0.000867915,0.034759253,0.003352792,0.009962337,0.010445461,0.058578767,0.0087245405,0.019084226,0.002790277,0.002337756,0.011171208
amos_0323.nii.gz,4.2800707e-06,0.002241271,nan,0.001708376,0.027724657,0.026429694,0.0019114491,0.0069863256,0.010854237,0.0028249572,0.021367984,0.10181135,0.13324979,0.025767315,0.01292619,0.26717854,0.04286576
amos_0325.nii.gz,9.963092e-06,0.0025636356,0.0018776057,0.0008774712,0.0031561307,0.006035815,0.000498416,0.0018898554,0.0007994921,0.0058633834,0.009212567,0.07373932,0.037507597,0.0056694886,0.014163084,0.02432697,0.011761924
amos_0326.nii.gz,0.0006785157,0.06792119,0.00035905748,0.00063174753,0.0008997987,0.12165491,0.0002522091,0.0018740642,0.0047974614,0.007973685,0.017332904,0.029877987,0.08409956,0.02103591,0.008368429,0.12282029,0.030661108
amos_0328.nii.gz,4.9079317e-06,0.0002750304,0.00080832373,0.0004968528,0.005218598,0.016491223,0.00015006881,0.007563359,0.00090535684,0.0018735938,0.031821266,0.028282654,0.009833631,0.017546978,0.0054041753,0.0028511747,0.00809545
amos_0333.nii.gz,1.5954212e-05,0.00039148785,0.009363698,0.009133031,0.012652747,0.008727672,0.0014316533,0.008075823,0.006049733,0.10428291,0.02635238,0.079562105,0.03596741,0.27961957,0.02538654,0.042184815,0.040574845
amos_0334.nii.gz,2.2357663e-05,0.00023202135,0.00031593125,0.0002683397,0.0026492733,0.04413288,0.00055005035,0.0016408318,0.0008848115,0.003378851,0.06346227,0.024435101,0.08136366,0.12397077,0.012397915,0.16166648,0.03258572
amos_0339.nii.gz,0.0010143734,0.0029875543,0.02129222,0.004675159,0.05173002,0.017206877,0.003062793,0.0033710138,0.0028253566,0.05660508,0.027777687,0.13896777,0.06740176,0.10157727,0.06778578,0.058143318,0.039151505
amos_0342.nii.gz,2.2194468e-05,0.0006002501,0.0010814948,0.001997984,0.003995167,0.039498873,0.00029757145,0.010664357,0.00044411694,0.004512259,0.0044164406,0.027372487,0.08943727,0.015048253,0.0021643024,0.006669732,0.013013922
amos_0344.nii.gz,1.2043569e-05,0.0012463895,0.000732151,0.0019835266,0.006783994,0.028458888,0.0049428614,0.23277682,0.0012180571,0.0030549169,0.013626276,0.055784605,0.04504027,0.022743857,0.012486722,0.35562527,0.04915729
amos_0346.nii.gz,1.2493411e-05,0.00058205705,0.0007772406,0.002468132,0.0022936505,0.012402305,0.003189466,0.049136966,0.0009270536,0.0036215873,0.1645799,0.04827068,0.18670669,0.059632897,0.0019757375,0.010771923,0.034209296
amos_0352.nii.gz,1.8312865e-05,0.00033782012,0.0006693575,0.0005551963,0.004084357,0.04978937,0.00068876665,0.0028024162,0.000708953,0.0029857839,0.01933856,0.033086203,0.030132279,0.008709453,0.0039229877,0.012841975,0.010666987
amos_0356.nii.gz,0.0021003643,0.00024280237,0.005927325,0.0047808927,0.9375,0.008602129,0.0017620332,0.004835477,0.0013928463,0.0062260604,0.036584865,0.0,0.026880411,0.6891594,0.0055451007,0.061037943,0.1120361
amos_0357.nii.gz,0.0003502787,0.005341529,0.004125634,0.002509545,0.010293922,0.124300554,0.003107772,0.05726403,0.0028893743,0.0016862617,0.019081546,0.14929286,0.07649755,0.106545165,0.0022688638,0.05449692,0.038753238
amos_0363.nii.gz,1.4541138e-05,0.0013796523,0.0009803161,0.0012350199,0.0072151464,0.009837307,0.00041973445,0.0010610253,0.0022298403,0.001812932,0.02019363,0.19405419,0.04660166,0.23795623,0.1283668,0.045322705,0.043667544
amos_0364.nii.gz,0.00015735804,0.0016680209,0.0015290705,0.0006632827,0.0036014915,0.097377494,0.00044016796,0.0049925945,0.0035042835,0.011038162,0.0064629335,0.028698718,0.033320505,0.03830386,0.817128,0.24734175,0.08101423
amos_0365.nii.gz,2.7389387e-06,0.0005216332,0.004114976,0.0008319021,0.005135405,0.0027699368,0.0005236745,0.002512767,0.0016602412,0.012087447,0.0115228,0.049623452,0.013990734,0.0064974814,0.010650714,0.003135157,0.007848816
amos_0368.nii.gz,5.873338e-06,0.00077542296,0.0047265925,0.002683028,0.0017377677,0.03226693,0.00090894406,0.003061933,0.0027073668,0.010615524,0.023179732,0.020399064,0.05498217,0.03586217,0.0021353206,0.0047547864,0.012550164
amos_0372.nii.gz,2.1198634e-06,0.0002899734,0.0031855353,0.0021899913,0.002252615,0.008688846,0.0004999673,0.0057028993,0.0016417243,0.019907305,0.02912084,0.029729828,0.017594762,0.0164045,0.0024345377,0.020257823,0.009993955
amos_0373.nii.gz,0.00041074623,0.0026770001,0.0053254347,0.0031401701,0.0025101493,0.017824128,0.01253618,0.0042341272,0.0037874337,0.016513724,0.29459262,0.0947718,0.18411727,0.043550152,0.00072195125,0.015840065,0.043909557
amos_0377.nii.gz,5.0241315e-06,0.0015213763,0.0017497288,0.006088538,0.007854035,0.086420216,0.0005867042,0.0013023033,0.003956899,0.011791232,0.049555816,0.08845717,0.05985102,0.027599419,0.0025890423,0.027918434,0.023577936
amos_0385.nii.gz,2.7525393e-06,0.0009278771,0.0032698428,0.0016499222,0.0012844901,0.01810624,0.0005111543,0.0032292204,0.0017033243,0.022712566,0.018532619,0.06899531,0.0045261295,0.015433499,0.0013487424,0.0022148606,0.010278035
amos_0397.nii.gz,3.4700184e-05,0.0007002765,0.0047053564,0.0031852098,0.005704779,0.0047591217,0.00026313696,0.0017351422,0.0061200745,0.021554861,0.020472297,0.073864475,0.0958907,0.03081358,0.021089163,0.007739665,0.018664533
amos_0399.nii.gz,6.74866e-06,0.001342202,0.001331409,0.0014489383,0.0021818413,0.016435232,0.00037764353,0.0061653075,0.0014704816,0.011424066,0.017762363,0.059421718,0.04169204,0.011456544,0.024637224,0.253237,0.028149422
amos_0409.nii.gz,1.36748e-06,0.00047693553,0.0028698195,0.0016460114,0.0008159167,0.008439336,0.0018961619,0.0033487345,0.003848214,0.0061105248,0.017362393,0.10130457,0.031586878,0.004087247,0.0011019344,0.015234704,0.012508173
